jobTitle,postedDate,jobDescription,jobUrl
PHP Full Stack Developer,31-Jan-23,"<p><strong>Why join us:</strong></p><ul><li>Flexi working hours.</li><li>Medical and Optical Claims.</li><li>Internet and mobile postpaid claims.</li><li>Energetic and creative office culture.</li><li>Career advancement opportunities</li></ul><p><strong>Job Responsibilities</strong>:</p><ul><li>Experience in using any PHP MVC framework</li><li>Experience in API development and integration with third-party APIs</li><li>Develop business and enterprise web application</li><li>Analyze, design, program, test, document, and maintain IT systems or applications</li><li>Collaborate with other team members and stakeholders</li></ul><p> <strong>Job Requirements:</strong></p><ul><li> At least Bachelor Degree or professional qualification in Computer Science or a related discipline.</li><li>Minimum of 2 years experience in software development as full stack developer.</li><li>Front-end languages such as HTML, CSS, JavaScript, jQuery</li><li>Server-side languages such as PHP (Yii / Lavarel) or related frameworks</li><li>Database technology such as MySQL</li><li>Proactive, motivated and team player. Able to work both independently as well as with a team, and keen to learn about new technologies and new scope</li><li>Take pride in accountability, ownership of outstanding issues, and establishes a high level of credibility with others in the organization</li></ul>",https://www.jobstreet.com.my/en/job/php-full-stack-developer-5233196
SENIOR LARAVEL PROGRAMMER (FULL STACK),31-Jan-23,"<p><strong>About The Job: 工作详情：</strong></p><p>We are looking for experienced talents that specializes in PHP coding standards,and databases. Multiple positions are available including Front-end, Back-end, or Full-stack developing. You will be working on high load applications and multi-server.</p><p>我们需要拥有资深PHP编码标准与数据经验的专业人士协助处理Front-end, Back-end或Full-stack的高负载应用程序和多服务器上的开发。</p><p><strong>Technologies we use: 我们所使用的科技：</strong></p><p>We work with proven technologies &amp; stacks that allow us to bring value to our customers and satisfy their needs. You may expect to work with using some of these mentioned technologies: 我们使用经过验证的技术栈，以便我们能为客户带来相对利益并满足他们的需求。关于您将碰到的科技，可参考以下列表：</p><ul><li>Web &amp; Back-end: PHP, Laravel, OOP, VueJs</li></ul><p>网络与Backend系统：PHP, Laravel, OOP, VueJs</p><ul><li>Database: MySQL</li></ul><p>数据库：MySQL</p><ul><li>Good understanding of Cloud environment, unit testing and validation is a bonus</li></ul><p>加分项：非常明白Cloud Environment, Unit Testing 以及 Validation</p><ul><li>Software Application: Atlassian Jira, Confluence &amp; Bitbucket</li></ul><p>软件应用： Atlassian Jira, Confluence 与 Bitbucket</p><ul><li>During WFH, we use ""Gather.Town"" as our web conference software to improve our work performance while maintaining interactions between the team</li></ul><p>居家办公时，因此我们经常使用 “Gather Town”作为团队之间的开会软件和维持良好联系的工具。</p><p><strong>In This Position, You Would Be Involved In: 在这职位中您将会：</strong></p><p>* Developing Back-End Web using Laravel; Fixing Front End Web using VueJs, HTML, CSS and JavaScript; Fixing Back-End Web using PHP</p><p>-Backend: 以Laravel开发, 用PHP进行修复 -Frontend Web: 用VueJs, HTML, CSS 和JavaScript进行修复</p><p>* Do several researches and develop new web technologies 进行与了解多项研究和开发新的网络技术</p><p>* Setup web application according to customer requirement 根据客户需求来设定网络应用程序</p><p>* Performing variety of tasks, which includes debugging and system analysis 在所定下的时限内执行各种任务：包括调试与分析系统</p><p>* Providing technical support during software implementation 在系统实施过程中及时提供技术支援</p><p><strong>What Will You Need: 所需资历：</strong></p><p>* Must posses at least a Professional Certificate, Diploma, Degree in Computer Science/Information Technology or equivalent 需要至少大专学历（有关：计算机科学/资讯类程序员文凭）</p><p>* At least 2 Years of working experience in the related field + Had been using Laravel in work projects for at least 2years 至少2年相关工作经验 + 在工作项目中使用 Laravel 至少2年经验</p><p>*<strong> Required skill(s)： PHP, Laravel, OOP, MYSQL</strong></p><p><strong>所需技能: PHP, Laravel, OOP, MYSQL</strong></p><p>* Familiar with Laravel &amp; MVC Web Application Architecture is a major plus 熟悉Laravel 和 MVC Web Application Architecture 是个加分项</p><p>* Possess strong skills in application design, implementation, testing and trouble-shooting</p><p>非常懂得应用程序上的设计,实施,测试与检修故障的技能</p><p>*Possess strong skills in programming and system analysis is an advantage具有较强的编程和系统分析能力者将被优先考量</p><p>* Candidates must be fluent in Mandarin language as role requires candidate to deal with mandarin speaking clients</p><p>由于需要应对中文客户，因此应聘者必须拥有很好的中文会话和理解能力</p><p>* Able to deliver job results under pressure and tight deadlines (Pressure creates motivation!)</p><p>能够在承受压力的情况下在所设定的时限内完成工作任务 （有压力才有动力！）</p><p>* Must have a strong passion for programming and research new technologies 时刻对编程与新技术上的研究充满热情</p><p><strong>Company Culture: 公司文化：</strong></p><p>Communications are very important, no company politics. We are a team and each other’s support, not each other’s opponent.沟通摆第一,杜绝办公室政治。我们是个团队, 是彼此的队友,不是彼此的对手。</p><p><strong>Personality Requirements: 个性要求：</strong></p><p>* Excellent Interpersonal and communication skills 拥有优秀的沟通技巧和能力</p><p>* Self-motivated, able to handle pressure and willing to go extra miles 自动自发，能够扛压，有强烈上进心</p><p>* Have high self disciplinary and independent thinking 拥有高度自律能力, 能够独立思考</p><p>* Sincere and responsible in work 对工作有强烈责任感</p><p>* Open-minded to new solutions, forward-thinking, and strong adaptability 对于新事物/解决方案持以开明态度，并且拥有前瞻性和强烈的适应能力</p><p>* Able to provide useful solutions/suggestions during brain-storming 于开会时勇于发表自己的有用意见</p><p>* Work hard, play hard! 努力工作使劲玩！</p><p><strong>Shoutout: 呼吁：</strong></p><p>If you are currently working as a software developer, you are highly encouraged to apply for this position. Welcome Aboard! 若您目前是一名在职软件开发人员，我们非常欢迎您把履历表申请提交上来~</p>",https://www.jobstreet.com.my/en/job/senior-laravel-programmer-full-stack-5261884
Fullstack Java Developer,31-Jan-23,"<ul><li>Candidate must possess at least a Bachelor's Degree, Post Graduate Diploma, Professional Degree, Computer Science/Information Technology or equivalent.</li><li>Required skill(s): JAVA, frontend development, backend development, MYSQL.</li><li>Required language(s): Bahasa Malaysia, English</li><li>At least 3 years (s) of working experience in the related field is required for this position.</li><li>Preferably Junior Executives specializing in IT/Computer - Software or equivalent.</li></ul><p><strong>Who we are?</strong></p><p>At dJava Factory we don’t work, we enjoy Java, it’s our passion and we are driven by it. Our team of consultants has been handpicked over time from around the globe. Our HQ is in Kuala Lumpur, Malaysia; with subsidiaries in Indonesia and Vietnam. We are always looking to deliver the best solutions to our clients at every level as much as we care for the wellbeing of our staff, we care about three things: skills, work ethic, and culture. Currently we are nearly over 60 people delivering solutions at a fast paced environment and constant growing.</p><p><strong>Your Role:</strong></p><p>As a Fullstack Java Developer, you will work hand in hand with our clients, translating necessities into solutions. You will work in collaboration with a team of consultants and/or client personnel. You are able to deliver within deadlines. Foresee roadblocks and possible outcome. You will work in Kuala Lumpur, Malaysia; but projects overseas are constantly in demand, you make have the chance to take part in some of our projects abroad, (Indonesia, Vietnam, Emirates, Sweden, UK).</p><p><strong>Who You Are?</strong></p><p>A self-driven, tech oriented and highly motivated Java expert. You have more than knowledge to offer; you have the passion of a true developer. You go further by day, pushing yourself to deliver only the best. You have at least 3 years working experience in Java Development.</p><p><strong>Essential Skills</strong></p><ul><li>Backend - JAVA </li><li>Frontend - REACT or All ANGULAR</li><li>Java web application development using Spring, Struts2, Spring MVC or JSF frameworks.</li><li>SQL, JDBC and RDBMS, particularly Oracle and/or MYSQL</li><li>Object-Relational Mapping, particularly Hibernate.</li><li>XML and Web Services (WSDL, XSD, SOAP and HTTP)</li><li>Application Servers are: Tomcat, Jetty, JBoss</li><li>Experience with reporting platforms, especially Jasper Reports</li><li>Agile methodologies, particularly Scrum.</li><li>Subversion, GIT</li><li>Clean code and follow standard java software conventions</li></ul><p><strong>Nice to have skills</strong></p><ul><li>System engineering – Deploying and setting up environments</li><li>Microservices</li><li>jQuery, Twitter Bootstrap</li><li>DB2, MSSQL</li><li>RESTful</li><li>Weblogic, WebSphere, Glassfish</li><li>Unit testing - TestNG, JUnit</li><li>Performance Debugging and Testing – JMeter</li></ul><p><strong>Perks &amp; Benefits</strong></p><ul><li>Allowance (travel stipends, transportation, etc.)</li><li>Performance Incentives</li><li>Central location</li><li>Casual dress code</li><li>Free snacks / Happy hours</li><li>Birthday Gift </li><li>Regular team activities</li><li>Medical insurance</li><li>Open Culture</li><li>The flexibility of working from home</li><li>Personal development opportunities</li></ul>",https://www.jobstreet.com.my/en/job/fullstack-java-developer-5261491
"Software Engineer / Programmer (Full-Stack, PHP)",30-Jan-23,"<p><strong>Software Engineer (Full-Stack, PHP)</strong></p><p><strong>Overview:</strong></p><ul><li>You'll need to be a full-stack software engineer - Interpret project specs, design, develop, deploy and maintain business applications.</li><li>Handle both front &amp; back-end development.</li><li>Our clients are diverse across various industries, thus giving you a unique challenge and exposure into different types of projects. </li><li>Grow with us with on-the-job and structured training to enhance your skills. </li></ul><p><strong>Requirements:</strong></p><ul><li>Candidate must possess at least Bachelor's Degree/Post Graduate Diploma/Professional Degree in Computer Science/Information Technology or equivalent.</li><li>You are required to have a 2nd Upper degree or above.</li><li>You will be given the opportunity to join a young and exciting team of developers.</li><li>Individuals with work experience of at least 1 year in PHP and looking for a career advancement will be given the chance to grow with the company and pick up additional skills via organised training programmes.</li><li>High achieving fresh graduates keen on a job challege are welcome to apply.</li><li>Required Skill(s): PHP, JavaScript, MYSQL, CSS, Modern UI Frameworks.</li><li>Alternatively, candidates must be ready to learn these skills on the job if no experience with such programming languages. </li></ul><p><strong>Job Responsibilities:</strong></p><ul><li>Design, develop and maintain business software.</li><li>Interpret project specifications. </li><li>Primarily web-based applications written in PHP.</li></ul>",https://www.jobstreet.com.my/en/job/software-engineer-programmer-full-stack-php-5260980
Senior Backend Developer (NodeJS),2-Feb-23,"<p>Our client is a well-renowned tech solution provider, with several government bodies and other corporate MNC clients under its belt. They are currently looking for a Senior Backend Developer to aid in their journey to enrich lives through smart technology.</p><p><strong>Job Highlights:</strong></p><ul><li>Holistic Career Progression Pathways</li><li>Friendly &amp; Casual Office Culture</li></ul><p><strong>Job Responsibilities:</strong></p><ul><li>NodeJS, .NET Core as main programming languages</li><li>Databases such as but not limited to (PostgreSQL, MSSQL, MySQL for RDBMS, MongoDB for NoSQL)</li><li>Docker, Kubernetes for orchestration tools </li><li>Version Control with Git</li><li>Using the best practice and automation tools to develop and deploy highly scalable backend solutions for both cloud and on-premise infrastructure</li><li>Analyze, Design, Deploy, and take ownership of the features of high quality maintainable and scalable software based on business needs</li></ul><p><strong>Job Requirements:</strong></p><ul><li>Familiar with writing units &amp; integration tests, monitoring code coverages etc.</li><li>DevOps mindset for monitoring and deploying code with versioning tools and CI/CD</li><li>Familiar with container-based applications and orchestration tools (Docker and Kubernetes) for coding and debugging</li></ul><p><strong><u>How to Apply:</u></strong></p><p>Please apply along with your personal portfolio which ideally showcases some of the past projects that you have contributed to, and with your latest resume attached as well.</p><p>Aaron Tan: R22104642</p>",https://www.jobstreet.com.my/en/job/senior-backend-developer-nodejs-10400264/origin/sg
Software Engineer (Full Stack Developer | Remote Work),28-Jan-23,"<p><strong>· Pasir Panjang (Office) | WFH Basis</strong></p><p><strong>· 5 days work</strong></p><p><strong>· Attractive Salary Package</strong></p><p><strong>· Company Benefits &amp; Incentives</strong></p><p><strong>· Company Industry - Software Company</strong></p><p><strong>Interested applicants can also send your resume to (ivy_leo thesupremehr.com) or contact +65 94283063 and allow our Consultant to match you with our Clients. No Charges will be incurred by Candidates for any service rendered.</strong></p><p>Can choose either Backend / Frontend Developer:</p><p><strong><u>Backend Developer:</u></strong></p><ol><li>Creating multi-tiered Web applications and Mobile App applications</li><li>Familiar with Agile Software Development / Scrum practices</li><li>Analyze, design, program, test, troubleshoot, document and maintain IT systems or applications</li><li>Perform and manage stages of the SDLC and involvement in systems review with Project Manager</li><li>Provide maintenance support to customers (internal and/or external)</li><li>Opportunity to involve in various technologies: Signal R, Redis, MongoDB, Reactive Extension (Rx)</li><li>Other ad-hoc duties as assigned</li></ol><p><strong><u>Frontend Developer - Bootstrap, React JS，API</u></strong></p><p><em>Highlight: Combination of design, technology and programming to code a website's appearance, as well as taking care of debugging.</em></p><ol><li>Creating multi-tiered Web applications and Mobile App applications</li><li>Familiar with Agile Software Development/Scrum practices</li><li>Analyze, design, program, test, troubleshoot, document and maintain IT systems or applications</li><li>Perform and manage stages of the SDLC and involvement in systems review with Project Manager</li><li>Provide maintenance support to customers (internal and/or external)</li><li>Opportunity to involve in various technologies: Signal R, Redis, MongoDB, Reactive Extension (Rx)</li><li>Other ad-hoc duties as assigned</li></ol>",https://www.jobstreet.com.my/en/job/software-engineer-full-stack-developer-%7C-remote-work-10385648/origin/sg
SENIOR BACKEND DEVELOPER (NODEJS),2-Feb-23,"<p><strong>Responsibility</strong></p><ul><li>Participate in application development activity ， such as requirement study, coding, analysis ，integration, and testing</li><li>Enhance , maintain &amp; debug existing application</li><li>Write effective API </li><li>Write maintainable &amp; clean codebase</li><li>Perform codes review.</li><li>Provide guidance and direction to junior developers.</li><li>Troubleshoot and resolve issues impacting development</li><li>Communicate the detailed design to the development team.</li><li>Maintain cutting edge knowledge of current and emerging technologies, industry trends and standards.</li></ul><p><strong>Required Skill(s)</strong></p><ul><li>minimum 3 Years Of experience with </li><li style=""margin-left:30px"">Language : (Node.js)</li><li style=""margin-left:30px"">Framework : (Socket.io) (Express.js) (Nest.js)</li><li style=""margin-left:30px"">Database : (MySQL) (Postgresql)</li><li>Familiar to Agile software development environment.</li><li>Proﬁcient understanding of code versioning tools (GIT)</li></ul><p><strong>Benefits:</strong></p><ul><li>Free Parking </li><li>Yearly Increment </li><li>Snacks provided in pantry</li><li>Coffee Machine provided for coffee lovers</li><li>Smart Casual Wear</li></ul>",https://www.jobstreet.com.my/en/job/senior-backend-developer-nodejs-5235706
Software Engineer / Fullstack Developer,22 hours ago,"<p><strong><u>Job Highlights</u></strong></p><ul><li>Startup Company</li><li>Competitive salary</li><li>Impressive learning and career center.</li><li>Young &amp; Vibrant Team. Positive Work Culture.</li></ul><p><strong><u>Job Descriptions :</u></strong></p><ol><li>Develop and maintain front end website architecture</li><li>Design user interactions on web pages</li><li>Develop and maintain back end website applications</li><li>Deploy and maintain servers and databases for backend functionality</li><li>Ensure cross-platform optimization for mobile devices and responsive design across various screen sizes, layouts and platforms</li><li>Design, develop, test and maintain configurable RESTful APIs with different policies exposed to external applications</li><li>Manage source code version control</li><li>Manage staging and production environments</li><li>Build a training framework together with management to unboard incoming junior developers.</li><li>Good to have:○ Develop, test, implement and maintain web3 applications, including writing automated test cases○ Develop, test and implement smart contracts (NFTs, staking, tokenomics) on EVM compatible chains○ Web hosting security, best practices and disaster recovery</li><li>Cryptocurrency private key management and security</li></ol><p><strong><u>Technical Skill Requirements</u></strong></p><p>● HTML</p><p>● Git</p><p>● JavaScript, TypeScript</p><p>● Bootstrap, Tailwind CSS</p><p>● React/Redux/Next.js</p><p>● Node.js, Express, Nest.js</p><p>● RESTful APIs</p><p>● MySQL, PostGreSQL, MongoDB</p><p>● AWS services: ECS, RDS, S3, EC2, etc</p><p>● Good to have:○ Solidity, Smart Contracts, Web3.js</p>",https://www.jobstreet.com.my/en/job/software-engineer-fullstack-developer-5266236
Full Stack Developer (ReactJS / C# / NodeJS / Python) - internship & full time,30-Jan-23,"<p>We are looking for motivated and responsible Senior or Mid-level software developers (<strong>ReactJS / C# / NodeJS / Python</strong>) that’s passionate in <strong>FinTech</strong> and about the latest technology in a team. You will have the opportunity to make significant contributions to the company.</p><p>You will join a team of highly talented Software Developers, and full-time opportunity to involve / handle the development of FinTech projects.</p><p><strong>Job Description</strong></p><ul><li>Building, maintain and scaling user-focused web applications and mobile applications.</li><li>Collaborate with cross-functional teams to define, design, and ship new features.</li><li>Collaborate with fronted and backend developers in order to develop an interactive and scalable web, mobile and desktop application.</li><li>Develop, test and deliver unique creative pieces using the latest technologies.</li><li>Solve complex performance problems and architectural challenges.</li><li>Primary focus will be development of all client-side, integration of server-side APIs, ensuring high performance web application and ultimately ensuring great user experience if you are interested in creating and implementing visual and interactive elements in a web application.</li><li>Multi-task and thrive in a fast-paced, results driven organization.</li></ul><p><strong>Job Requirements</strong></p><ul><li><strong>Attitude is everything.</strong> As long as you are willing to learn, take up challenges and responsibilities, the stage is for you to shine.</li><li>At least 1 years of experience in<strong> ReactJS / C# / NodeJS / Python</strong> programming.</li><li>Willing and excited to learn and explore new technologies.</li><li>Good knowledge of programming low-level, high-performance, clean and high-quality code</li><li>Experience in Fintech is a plus.</li><li>Self-motivated nature and the ability to work autonomously with minimal supervision.</li><li><strong>Primary Language: Mandarin (As require to liaise with Mandarin/Cantonese Speaking Clients due to work nature)</strong></li></ul><p><strong>Internship</strong></p><p>OverWatch is looking for passionate candidates to join our IT trainee program, 4-6 month incubator program gives you a holistic learning experience and builds your career experience in fintech industry. If you’re exceptional at embracing our company values, you’ll get an immediate job offer from OverWatch at the end of the program.</p><p><strong>Who are encouraged to apply</strong></p><ul><li>Highly passionate on coding, software development.</li><li>Highly responsible, self-disciplined, self-managed, and self-motivated.</li><li>Creative, willing to push boundaries and challenge conventional thinking. Dare to make mistakes and learn from it.</li><li>Passionate on Financial Technologies, has a strong willingness to learn it quickly.</li></ul>",https://www.jobstreet.com.my/en/job/full-stack-developer-reactjs-c-nodejs-python-internship-full-time-5260327
Senior Software Engineer - Career and Connect (Hybrid Working),10 hours ago,"<p><strong>The Role</strong></p><p>The Senior Software Engineer is responsible for the development, implementation, maintenance, and support of software solutions. This job requires an active hands-on contributor in the software development life cycle, performing analysis and design as well as a proven team player to achieve project goals.</p><p> <strong>Key responsibilities include:</strong></p><ul><li>Help evolve delivery processes to continuously improve the Seek Asia apps.</li><li>Contributing to SEEK’s overall apps technology strategy and aligning systems with that strategy.</li><li>Ensuring systems are fit for purpose, well architected and follow current SEEK development practices.</li><li>Maintaining platform health ensuring that our systems are highly scalable, available, performant, maintainable, secure and cost effective.</li><li>Driving customer focus to ensure that we are delivering great outcomes for our customers.</li><li>Help facilitate the healthy tension between the desire for immediate delivery and the long-term viability of the code bases.</li><li>Share operational support duties.</li></ul><p><strong>So, what we are looking for?</strong></p><p>We are looking for a full stack senior engineer to help us building some of our green field projects, someone with a start-up background and growth mindset would fit perfectly in our team. </p><p><strong>Experience</strong></p><ul><li>Involve in collaboration with stakeholders to understand business challenges and customer needs, removing bottlenecks and identifying new opportunities for growth. </li><li>Knowledge of industry best practices, regulations and compliance (GDPR, PDPI), and quality assurance techniques. </li><li>Experience working with geo-distributed teams. </li></ul><p><strong>Personal Skills</strong></p><ul><li>Applies relevant technologies knowledge to the development and improvement of software applications, being able to drive better technical decision at the team level.</li><li>Positive attitude and a clear sense of initiative.</li><li>Has a growth mindset - flexible, open, and actively seeking opportunities to improve.</li><li>Continuously learn and understand the business requirements, customer, and end-user feedback to further improve the products.</li><li>Actively investing time in technical growth.</li><li>Manage own time well, being able to support fellow engineers and be critical on inefficiencies. </li><li>Highly self-motivated team player with good analytical and conceptual thinking, results-driven and customer focus.</li><li>Ability to share new knowledge and new tools to cultivate constructive conversations and improve team capabilities.</li><li>Open minded collaborator and clear communicator who can manage stakeholders' expectations well.</li></ul><p><strong>Technical Skills</strong></p><ul><li>Test-driven development and agile software delivery methods.</li><li>Hands-on experience in estimating, planning, designing, implementing, testing and operating highly scalable, available, performant, maintainable, secure and cost effective, being able to implement this independently and able to support other team members with supervision and direction to achieve our team goals.</li><li>Knowledge in JavaScript, Typescript, React and ideally React Native.</li><li>Creates software in at least two modern software development languages.</li><li>Creates and maintains continuous delivery pipelines using current agile practices, patterns &amp; tooling.</li><li>Creates software using secure coding practices and mitigates common vulnerabilities.</li><li>Working knowledge of modern stacks e.g. Node.js, Express, GraphQL, Jest, React, Docker, Apollo.</li><li>Uses current technical practices such as writing clean, testable code and pair programming.</li><li>Knowledge of building solutions deployed on AWS with immutable infrastructure via infrastructure as code.</li></ul><p><strong>The Team</strong></p><p>Our team is responsible for building the next “big thing” for our customers, armed with a startup mindset, trying to experiment in new areas to deliver added values to SEEK customers through green fields projects.</p><p>We operate under the 3 brands of JobStreet, JobsDB and SEEK to help over 150 million candidates find employment.</p><p><strong>Additional Information</strong></p><p>﻿At SEEK, the health and safety of our people is our highest priority. For this reason, SEEK has a policy requiring all new employees to be fully vaccinated for COVID-19, unless a formal medical exemption applies. On this basis, as part of the application process you will be asked to confirm that you have read and understood this policy, and would like to continue with the hiring process. Further details about this policy will be shared during the hiring process, as required.</p>",https://www.jobstreet.com.my/en/job/senior-software-engineer-career-and-connect-hybrid-working-5252197
Fullstack Developer,28-Jan-23,"<p>We are looking for an experienced Full Stack Developer. Proficient in programming languages such as Javascript (JAMStack Framework) or C# (.NET Framework), have good knowledge of Windows server, SQL or NoSQL Database, and have DevOps experience. You value your work, and you want to make a significant contribution to an established and collaborative team of developers.</p><p><strong>About the Role</strong></p><p>Reporting to the Development Manager, you will be responsible for maintaining and improving our existing software product line. You will be required to maintain a high standard of quality in the code, including functional and non-functional testing. Following accepted best practices, processes, and tools, you will engage with the team for continuous improvement in an agile environment.</p><p><strong>Technical Skills Required:</strong></p><ul><li>At least 2 years working experience with Javascript (JAMStack Framework – React / Vue) or C# (.NET Framework)</li><li>Experience in developing API and Microservices</li><li>Knowledge of Agile/SCRUM/Kanban</li><li>Git (for source code management)</li><li>DevOps – CI/CD</li><li>Cloud experience using AWS and Azure services</li></ul><p><strong>Soft Skills:</strong></p><ul><li>Strong interpersonal, written, and oral communication skills.</li><li>Strong client interaction skills at multiple levels</li></ul><p><strong>Bonus Skills:</strong></p><p>·       Microsoft Servers and Server Applications</p><p>·       PHP</p><p>·       Test automation (Cypress.io, Selenium)</p><p>·       MySQL, MongoDB, Microsoft SQL Server</p>",https://www.jobstreet.com.my/en/job/fullstack-developer-5246496
Senior Fullstack Developer,28-Jan-23,"<p>As a Senior Full Stack Developer, you will be responsible for:</p><ul><li>Produce scalable software solutions with clean, functional code on the back end and front end.</li><li>Design, develop, test, implement, maintenance of web applications to be utilized by business customers with the process of software development life cycle (SDLC).</li><li>Database design and implement scalable web service APIs.</li><li>Ensure quality of development by writing unit tests, system testing (SIT), code review, knowledge sharing, etc.</li><li>Overseeing and guiding the analyzing, writing, building, and deployment of software.</li><li>Work with UX designers.</li><li>Report progress updates to the respective Team Lead / Manager.</li><li>Researching &amp; adopting new technologies for Company &amp; team efficiently.</li></ul><p><strong>The person we are looking for:</strong></p><p><strong>Background:</strong></p><ul><li>Degree in Computer Science, Information Technology, or equivalent</li></ul><p><strong>Experience:</strong></p><ul><li>Preferably with at least 5 years of related working experience in R&amp;D or backend development role using PHP/Python, MySQL, and MongoDB.</li><li>Preferably with at least 5 years of related working experience in frontend development using React JS.</li><li>Experience in system analysis, database analysis, and software development methodologies especially in Agile software development.</li></ul><p><strong>Knowledge &amp; Skills:</strong></p><ul><li>Required: HTML5, React Js, PHP (Laravel / Lumen Framework), AJAX, CSS3, XML, JSON, MariaDB database, MySQL, MongoDB, and GIT repositories.</li><li>Knowledge of Nginx/Apache web servers and hybrid development frameworks e.g. React Native will be a strong advantage.</li><li>Familiar with the Linux environment (server), and working with docker’s container based on application development.</li><li>Handle application security features including authentication, data encryption, API security, etc.</li><li>Excellent debugging and problem-resolving skills.</li></ul><p><strong>Personal Attributes:</strong></p><ul><li>Self-motivated &amp; able to work independently with minimum supervision.</li><li>Able to work well under pressure to meet tight deadlines and handle multiple tasks.</li><li>Innovative mindset &amp; eagerness to learn new technologies.</li><li>Meticulous personality.</li></ul>",https://www.jobstreet.com.my/en/job/senior-fullstack-developer-5245586
Full Stack Developer,25-Jan-23,"<p>You will play an important role in</p><ul><li>Gather functional requirements and specifications to gain a complete sense of client expectations and limitations before the start of a major technical development project.</li><li>Develop technical architecture solutions for web applications, mobile applications, reporting, enterprise integrations, data store and processing layers that cater for scalability, high availability, security and high performance design.</li><li>Create and confidently deliver technical documentations internally and externally for various aspects throughout development life cycle.</li><li>Develop feasible and justifiable development activity plan, effort estimation and technical costing to support the business objective.</li><li>Lead project developments and overcome any technical obstacle to ensure projects are always delivered on time within budget and satisfactory quality.</li><li>Constantly research on technologies and be able to apply new technologies rationally in the technical architecture and application framework development.</li></ul><p>Key opportunities:</p><ul><li>To strengthen your team leadership skills by leading and coaching technical developers including performing technical project reviews.</li><li>To strengthen your non-technical leadership skills by joining our Leadership Team in supporting pre-sales activities.</li></ul><p>To be successful in this role, you will need to have</p><ul><li>At least Bachelor's Degree/Post Graduate Diploma/Professional Degree in Computer Science/Information Technology or equivalent.</li><li>Minimum 5 solid year(s) of technical experience and background in developing technical architecture, and actual system implementations.</li><li>MUST have skills (Fullstack technologies):</li></ul><ol><li>PHP</li><li>SQL Server</li><li>Bootstrap</li><li>Javascript</li><li>Xamarin and / or</li><li>Flutter</li></ol><ul><li>Strong knowledge and have at least 2 years experiences in actual implementation experience on cloud platform (Azure, AWS or Ali Cloud)</li><li>Malaysian only</li></ul>",https://www.jobstreet.com.my/en/job/full-stack-developer-5256264
Software Engineer - Mobile - Career and Connect (Hybrid Working),10 hours ago,"<p><strong>The Role</strong></p><p>The Software Engineer is responsible for the development, implementation, maintenance, and support of software solutions. This job requires an active hands-on contributor in the software development life cycle, performing analysis and design as well as a proven team player to achieve project goals.</p><p><strong>What you’ll be doing?</strong></p><ul><li>Help evolve delivery processes to continuously improve the Seek Asia apps.</li><li>Contributing to SEEK’s overall apps technology strategy and aligning systems with that strategy.</li><li>Ensuring systems are fit for purpose, well architected and follow current SEEK development practices.</li><li>Maintaining platform health ensuring that our systems are highly scalable, available, performant, maintainable, secure and cost effective.</li><li>Driving customer focus to ensure that we are delivering great outcomes for our customers.</li><li>Help facilitate the healthy tension between the desire for immediate delivery and the long-term viability of the code bases.</li><li>Share operational support duties.</li></ul><p><strong>So, what are we looking for?</strong></p><p>We are looking for a full stack engineer (with mobile focus) to help us building some of our green field projects, someone with a start-up background and growth mindset would fit perfectly in our team. </p><p><strong>Experience</strong></p><ul><li>Involve in collaboration with stakeholders to understand business challenges and customer needs, removing bottlenecks and identifying new opportunities for growth. </li><li>Knowledge of industry best practices, regulations and compliance (GDPR, PDPI), and quality assurance techniques. </li><li>Experience working with geo-distributed teams. </li></ul><p><strong>Personal Skills</strong></p><ul><li>Applies relevant technologies knowledge to the development and improvement of software applications, being able to drive better technical decision at the team level. </li><li>Positive attitude and a clear sense of initiative. </li><li>Has a growth mindset - flexible, open, and actively seeking opportunities to improve. </li><li>Continuously learn and understand the business requirements, customer, and end-user feedback to further improve the products. </li><li>Actively investing time in technical growth. </li><li>Manage own time well, being able to support fellow engineers and be critical on inefficiencies. ​ </li><li>Highly self-motivated team player with good analytical and conceptual thinking, results-driven and customer focus. </li><li>Ability to share new knowledge and new tools to cultivate constructive conversations and improve team capabilities. </li><li>Open minded collaborator and clear communicator who can manage stakeholders' expectations well. </li></ul><p><strong>Technical Skills</strong></p><ul><li>Test-driven development and agile software delivery methods. </li><li>Hands-on experience in estimating, planning, designing, implementing, testing and operating highly scalable, available, performant, maintainable, secure and cost effective, being able to implement this independently or with minimum supervision and direction from the senior team members. </li><li>Knowledge in Swift or Kotlin in addition to Typescript, and ideally React Native. </li><li>Creates software in at least two modern software development languages. </li><li>Creates and maintains continuous delivery pipelines using current agile practices, patterns &amp; tooling. </li><li>Creates software using secure coding practices and mitigates common vulnerabilities. </li><li>Working knowledge of modern stacks e.g. Node.js, Jest, Docker, Apollo. </li><li>Uses current technical practices such as writing clean, testable code and pair programming. </li><li>Knowledge of building solutions deployed on AWS with immutable infrastructure via infrastructure as code. </li></ul><p><strong>The Team</strong></p><p>Our team is responsible for building the next “big thing” for our customers, armed with a startup mindset, trying to experiment in new areas to deliver added values to SEEK customers through green fields projects. </p><p>We operate under the 3 brands of JobStreet, JobsDB and SEEK to help over 150 million candidates find employment. </p><p><strong>Additional Information</strong></p><p>At SEEK, the health and safety of our people is our highest priority. For this reason, SEEK has a policy requiring all new employees to be fully vaccinated for COVID-19, unless a formal medical exemption applies. On this basis, as part of the application process you will be asked to confirm that you have read and understood this policy, and would like to continue with the hiring process. Further details about this policy will be shared during the hiring process, as required.</p>",https://www.jobstreet.com.my/en/job/software-engineer-mobile-career-and-connect-hybrid-working-5252184
Lead Engineer - Mobile - Career and Connect (Hybrid Working),10 hours ago,"<p><strong>The Role</strong></p><p>The Lead Engineer role is responsible for leading a team towards development, implementation, maintenance, and support of software solutions. This job requires an active hands-on contributor in the software development life cycle, performing analysis and design as well as a proven team player to achieve project goals, in addition to good personal &amp; communication skills.</p><p><strong>Key responsibilities include:</strong></p><ul><li>Provide technical directions on tactical and strategical basis for the team. </li><li>Support other team members and ensure healthy team atmosphere following SEEK culture. </li><li>Ensure that the team is following technical best practices whenever possible, documenting and managing technical debt whenever it’s not the case. </li><li>Help evolve delivery processes to continuously improve the Seek Asia apps. </li><li>Contributing to SEEK’s overall apps technology strategy and aligning systems with that strategy. </li><li>Ensuring systems are fit for purpose, well architected and follow current SEEK development practices. </li><li>Maintaining platform health ensuring that our systems are highly scalable, available, performant, maintainable, secure and cost effective. </li><li>Driving customer focus to ensure that we are delivering great outcomes for our customers. </li><li>Help facilitate the healthy tension between the desire for immediate delivery and the long-term viability of the code bases. </li><li>Share &amp; organise operational support duties. </li></ul><p><strong>So, what we are looking for?</strong></p><p>We are looking for an engineering leader who have been experienced in software engineering with good balance between people &amp; technical skills to help us building some of our green field projects, someone with a start-up background and growth mindset would fit perfectly in our team. </p><p>This role will include technical, leadership &amp; managerial responsibilities. </p><p><strong>Experience</strong></p><ul><li>Involve in collaboration with stakeholders to understand business challenges and customer needs, removing bottlenecks and identifying new opportunities for growth.</li><li>Knowledge of industry best practices, regulations and compliance (GDPR, PDPI), and quality assurance techniques.</li><li>Experience working with &amp; managing geo-distributed teams.</li></ul><p><strong>Personal Skills</strong></p><ul><li>Applies relevant technologies knowledge to the development and improvement of software applications, being able to drive better technical decision at the team level.</li><li>Positive attitude and a clear sense of initiative.</li><li>Has a growth mindset - flexible, open, and actively seeking opportunities to improve.</li><li>Continuously learn and understand the business requirements, customer, and end-user feedback to further improve the products.</li><li>Actively investing time in technical growth.</li><li>Manage own time well, being able to support fellow engineers and be critical on inefficiencies. </li><li>Highly self-motivated team player with good analytical and conceptual thinking, results-driven and customer focus.</li><li>Ability to share new knowledge and new tools to cultivate constructive conversations and improve team capabilities.</li><li>Support fellow team members in their career progression aspiration.</li><li>Open minded collaborator and clear communicator who can manage stakeholders' expectations well.</li></ul><p><strong>Technical Skills</strong></p><ul><li>Test-driven development and agile software delivery methods.</li><li>Hands-on experience in estimating, planning, designing, implementing, testing and operating highly scalable, available, performant, maintainable, secure and cost effective, being able to implement this independently and able to support other team members with supervision and direction to achieve our team goals.</li><li>Knowledge in Native mobile development languages (Swift &amp; Kotlin), JavaScript, Typescript, React and ideally React Native.</li><li>Creates software in at least two modern software development languages.</li><li>Creates and maintains continuous delivery pipelines using current agile practices, patterns &amp; tooling.</li><li>Creates software using secure coding practices and mitigates common vulnerabilities.</li><li>Working knowledge of modern stacks e.g. Node.js, Express, GraphQL, Jest, React, Docker, Apollo.</li><li>Uses current technical practices such as writing clean, testable code and pair programming.</li><li>Knowledge of building solutions deployed on AWS with immutable infrastructure via infrastructure as code.</li></ul><br /><strong>Additional information</strong><p>At SEEK, the health and safety of our people is our highest priority. For this reason, SEEK has a policy requiring all new employees to be fully vaccinated for COVID-19, unless a formal medical exemption applies. On this basis, as part of the application process you will be asked to confirm that you have read and understood this policy, and would like to continue with the hiring process. Further details about this policy will be shared during the hiring process, as required.</p>",https://www.jobstreet.com.my/en/job/lead-engineer-mobile-career-and-connect-hybrid-working-5252349
"Software Developer (Full Stack) - Basic $5000 - $9000, 5day",28-Jan-23,"<p><strong>Benefits:</strong></p><ul><li>Basic up $5000 - $9000</li></ul><p><strong>Job Scope:</strong></p><ul><li>In charge on delivering optimized, scalable and maintain end-to-end software systems</li><li>In charge on the frontend(UI) and backend(database) software required for the project.</li><li>In charge of web application software</li><li>In charge on building APIs to connect all the systems and components together.</li><li>In charge on T&amp;C(Testing and Commissioning) and debugging work</li><li>Managing network and load balancing</li><li>Handle software patching and upgrades.</li><li>Work closely with different teams</li></ul><p><strong>Job Requirement:</strong></p><ul><li>Degree in IT/Computer Science/Computer Engineering or equivalent</li><li>In-charge project(Software) experience is advantage</li><li>Experience in Node.js/.NET (C#)/Java programming/OutSystems is advantage</li></ul><p>Please submit your updated resume in MS word format by using the <strong>APPLY NOW BUTTON.</strong></p><p>We regret that only shortlisted candidates will be notified.</p><p><strong>Staffking Pte Ltd (20C0358) | Wei Yang (R21102313)</strong></p>",https://www.jobstreet.com.my/en/job/software-developer-full-stack-basic-%245000-%249000-5day-10385666/origin/sg
"BACK-END MANAGER (PHP, API) (REF: GA)",19 hours ago,"<p><strong>About the Company</strong></p><p>Software/Information Processing</p><p><strong>Roles &amp; Responsibilities</strong></p><p>・Conduct and guides others in technical software development, testing and debug systems and software applications as needed.</p><p>・Compile and prioritize enhancements and defect resolutions to applications, implementing changes.</p><p>・Manage and lead Agile / Scrum development teams in design and development activities and guide them on technical direction.</p><p>・Collaborate with other teams for new feature or bug fixing development.</p><p>・ for software development and provide solution with PHP (golang/ nodejs)</p><p>・Researching, designing, implementing, and managing software programs</p><p>・Testing and evaluating new programs</p><p>・Identifying areas for modification in existing programs and subsequently developing these modifications</p><p>・Writing and implementing efficient code</p><p>・Collaborate with other team members and stakeholders</p><p><strong>Requirements</strong></p><p>✓	Candidates must possess at least a Professional Certificate, Diploma, Bachelor's Degree, in Computer Science/Information Technology or equivalent.</p><p>✓	At least 8 years of relevant work experience, preferably e-commerce applications with medium or high traffic volume.</p><p>✓	Strong technical background.</p><p>✓ Experience in managing a team of engineers.</p><p>✓	Familiar with Git, PHP, MYSQL, HTML, JavaScript, CSS, Linux.</p><p>✓	Good understanding in CI/CD, automation testing and validation.</p><p>✓	Good understanding of asynchronous request handling, partial page updates, and AJAX.</p><p>✓	Experience in maintaining e-commerce applications with medium or high traffic volume.</p><p>✓	Experience in web application’s speed improvement or optimisation tasks.</p><p>✓	MUST HAVE: Experience in API development or API related services.</p><p>✓	MUST HAVE: Experience in cloud service platforms such as AWS, GCP and Azure.</p><p>✓	Experience in server configuration such as Linux environment.</p><p>✓	Experience in working with agile development</p><p>✓	Knowledge on CakePHP, Laravel, other MVC Platform will be an added advantage</p><p>✓	Experience with Docker, JS framework such as VueJS, AngularJS, ReactJS, JQuery will be an added advantage.</p><p><strong>Additional Information</strong></p><p>Location : Bangsar, Kuala Lumpur (work from home)</p><p>Working Hours : Mon-Fri 8:00/9:30 - 17:00/18:30</p><p>If you're interested in this position, click ""<strong>APPLY NOW</strong>""</p><p>Thank you for your application. For those who shortlisted will be contacted. Stay tuned!</p>",https://www.jobstreet.com.my/en/job/back-end-manager-php-api-ref%3A-ga-5266911
Lead Engineer - Apps (Hybrid Working),10 hours ago,"<p><strong>The Role</strong></p><p>The Lead Engineer has a high level of technical competence and the skill set necessary to address all areas of software engineering, problem resolution, solution architecture and system implementation. This is a highly experienced and skilled individual who will help drive a team in when, where, and how technology is used to solve complex problems.  </p><p><strong>Key responsibilities include:</strong></p><ul><li>Guide and mentor a team of Engineers.</li><li>Lead by example, ensuring best practice in the SDLC. </li><li>Owning the technical approach used by the team for Seek Asia mobile apps.</li><li>Evolving delivery processes to continuously improve the Seek Asia mobile apps.</li><li>Contributing to SEEK’s overall mobile apps technology strategy and aligning systems with that strategy.</li><li>Ensuring systems are fit for purpose, well architected and follow current SEEK development practices.</li><li>Maintaining platform health ensuring that our systems are secure, reliable, resilient, and cost effective.</li><li>Work with other teams and stakeholders in SEEK.</li><li>Consult with stakeholders, to translate technical concerns into business impacts and provide relevant information to inform and facilitate effective decision making.</li><li>Act as an enabler for the team, removing obstacles from their paths and identifying potentials for delivery, business, and process improvements.</li><li>Help facilitate the healthy tension between the desire for immediate delivery and the long-term viability of the code bases.</li></ul><br /><p><strong>So, what we are looking for?</strong></p><p><strong>Experience</strong></p><ul><li>Test-driven development and agile software delivery methods. A knowledge of evolutionary architecture is an asset.</li><li>Solid experience in estimating, planning, designing, implementing, testing and operating highly scalable, available, performant, maintainable and secure applications, including supporting fellow engineers. ​</li><li>Applies relevant technologies knowledge to the development and improvement of software applications, being able to drive better technical decision at the team level.</li><li>Involve in collaboration with stakeholders to understand business challenges and customer needs, remove bottlenecks, and identify new opportunities for growth.</li><li>Knowledge and experience with industry best practices, regulations and compliance (GDPR, PDPI), and quality assurance techniques.</li><li>Being able to participate in the hiring processes.</li><li>Experience leading a geo-distributed teams and external consultants.</li></ul><p><strong>Personal Skills</strong></p><ul><li>Positive attitude and a clear sense of initiative.</li><li>Has a growth mindset - flexible, open, and actively seeking opportunities to improve.</li><li>Continuously learn and understand the business requirements, customer, and end-user feedback to further improve the products.</li><li>Actively investing time in technical growth.</li><li>Manage time well, being able to support fellow engineers and be critical on inefficiencies. ​</li><li>Highly self-motivated team player with good analytical and conceptual thinking, results-driven and customer focus.</li><li>Ability to grow other engineers’ personal and technical skills through coaching or mentoring.</li><li>Ability to help team members translating requirements to improve customer experience.</li><li>Ability to prioritise tasks and plan tasks for the team. ​ ​</li><li>Ability to share new knowledge and new tools to cultivate constructive conversations and improve team capabilities.</li><li>Open minded collaborator and clear communicator who can manage stakeholders' expectations.</li></ul><p><strong>Technical Skills</strong></p><ul><li>Expert knowledge in JavaScript, Typescript, React and ideally React Native.</li><li>Expert in Software Architecture and SDLC best practises. </li><li>Creates software in at least two modern software development languages.</li><li>Creates and maintains continuous delivery pipelines using current agile practices, patterns &amp; tooling.</li><li>Creates software using secure coding practices and mitigates common vulnerabilities.</li><li>Expert knowledge of modern stacks e.g. Node.js, Express, GraphQL, Jest, React Testing Library, Apollo:</li><li>Expert in current technical practices such as writing clean, testable code and pair programming.</li><li>Expert knowledge of building solutions deployed on AWS.</li></ul><br /><p><strong>The Team</strong></p><ul><li>Seek Asia Apps provides products and services to candidates in job markets across the Asia region. We operate under the 3 brands of JobStreet, JobsDB and SEEK to help over 150 million candidates find employment.</li></ul><p><strong>Additional information</strong></p><p>At SEEK, the health and safety of our people is our highest priority. For this reason, SEEK has a policy requiring all new employees to be fully vaccinated for COVID-19, unless a formal medical exemption applies. On this basis, as part of the application process you will be asked to confirm that you have read and understood this policy, and would like to continue with the hiring process. Further details about this policy will be shared during the hiring process, as required.</p>",https://www.jobstreet.com.my/en/job/lead-engineer-apps-hybrid-working-5252468
Senior Software Engineer - Nodejs,30-Jan-23,"<p><strong>Responsibilities:</strong></p><ul><li>Reports to Technical Manager</li><li>Work closely with product owners by conferring with users, studying system flows, investigating issues, provide technical support to users, producing technical documents and following the software development lifecycle</li><li>Involve in application development activities such as requirement study, coding, integration, and testing</li><li>Participate and contribute to product iteration, planning and review activities</li><li>Collaborate closely with development team in scrum rituals.</li><li>Accountable for sprint and release commitments and ensure they are completed on time.</li><li>Updates job knowledge by studying new or existing development tools, programming techniques, and latest updates of third-party systems</li><li>Studying, designing, and prototyping features that may involve multiple third-party vendors, NodeJS applications or any appropriate technical stacks</li><li>Work on non-coding technical tasks, such as studying and configuring third party SaaS products, assist in cloud based and/or dev-ops related research and provide insights on the overall integration</li><li>Self-manage, tasks logging and reporting</li></ul><p><strong>Requirements:</strong></p><ul><li>Candidate must possess at least a Diploma or Degree in Computer Science, Information Technology or equivalent</li><li>Minimal 3-years development experience, with proven software development experience in NodeJS applications</li><li>Languages(s):</li><li style=""margin-left:30px"">English (mandatory)</li><li style=""margin-left:30px"">Mandarin (good to have)</li><li>Understand source control, Object oriented Programming, Functional Programming, and database normalization</li><li>Knowledge in Salesforce stacks, such as Service Cloud, Marketing Cloud, Apex Coding, Lightning Experience and SOQL is a bonus; but candidate is expected to learn and pick up these skills post assignment.</li><li>Knowledge in AWS (Amazon Web Services) features such as EKS, EC2, SQS, SNS and others is a bonus; but candidate is expected to learn and pick up these skills post assignment.</li><li>Experiences in dealing with third party vendors and working with external developers is a plus.</li><li>Experiences with micro service application, implementations and best practices is desirable.</li><li>Possess a thirst for new knowledge in the world of constantly changing technology sector.</li><li>Possess a straight-forward, no bullshit attitude.</li><li>Willing to communicate and work with a group of young, talented, and helpful developers, guiding and be guided on the ins and outs of the past, present and future projects, and participating in technical sharing and discussions.</li><li>Love challenges in resolving difficulty technical issues and tasks.</li></ul>",https://www.jobstreet.com.my/en/job/senior-software-engineer-nodejs-5260154
Full Stack Developer,25-Jan-23,"<p><strong>Responsibilities:</strong></p><ul><li>Work closely with Project Managers and other members of the project team.</li><li>Opportunity to lead and manage project team members in full software development life cycle.</li><li>To be involved in designing, coding, testing and deployment modern applications/software based on the business and technical requirement.</li><li>Produce project estimates and attend client meetings.</li><li>Assist in application architecture design and technical solutions and make relevant recommendations to the project team/clients.</li><li>Ensure timely completion of assigned deliverables / work.</li><li>Communicate to the Project Manager/Lead with efficiency and accuracy any progress regarding projects.</li><li>Provides support and respond to emergency callout for production issues / ad-hoc support and respond to emergency callout for urgent production issues.</li></ul><p><strong>Requirements:</strong></p><ul><li>Minimum Advance Diploma, Bachelor's Degree, Professional Degree, Master's Degree in IT / Computer Science / Computer engineering / Information System or any IT related fields.</li><li>Working Experience:</li></ul><p>➢For Junior, 0 – 3 years on web application and/or mobile application development</p><p>➢For Senior, 4 – 6 years on web application and/or mobile application development</p><ul><li>Passionate about technology and enjoys software development, riding on the latest Microsoft technologies.</li><li>Able to work with minimal supervision and provide regular updates on tasks assigned.</li><li>Good English communication skills in both verbal and written.</li><li>Candidates who are able to start work immediately will have an added advantage.</li><li>Candidates who are willing to work on overseas projects will have an added advantage.</li><li>Good analytical and problem-solving skills.</li><li>Good interpersonal and customer care skills will be an advantage. </li></ul><p><strong>Skillsets required:</strong></p><ul><li>Web &amp; API: HTML5, CSS3, JavaScript, Typescript, Angular, ASP.Net Core, Bootstrap</li><li>Mobile: Flutter</li><li>Database: SQL (Microsoft SQL Server / MySQL Server)</li><li>Reporting: DevExpress</li><li>Architecture: Micro-Service, Micro-Frontend, Cloud Computing</li><li>Excellent knowledge of Relational Databases</li><li>Experienced on micro-service and/or micro-frontend architecture</li><li>Familiar with agile methodology</li></ul><p><strong>Good to have requirements:</strong></p><ul><li>Web: gRPC, Google Analytics</li><li>Mobile: BLoC architecture</li><li>3D/Games: Unity</li><li>Cloud: Google Cloud Platform, Microsoft Azure, API Management</li><li>Reporting: SSRS</li><li>Containerization: Docker</li><li>Domain Knowledge: Banking, Finance/FinTech Services, eCommerce, Gamification</li></ul>",https://www.jobstreet.com.my/en/job/full-stack-developer-5240845
Software Engineer - Apps (Hybrid Working),28-Jan-23,"<p><strong>The Role</strong></p><p>The Software Engineer is beginning to show high level of technical competence and the skill set necessary to address software engineering, problem resolution and system implementation. This is an individual contributor who will work with others to deliver technology solutions that solve complex problems.</p><p><strong>Key responsibilities include:</strong></p><ul><li>Delivery of high quality code in an agile environment.</li><li>Contributing to the technical approach for Seek Asia Technology projects.</li><li>Work with the team to ensure systems are fit for purpose, well architected and follow current SEEK development practices.</li><li>Help deliver and evolve the delivery processes to continuously improve the Seek Asia Technology projects.</li><li>Maintaining platform health ensuring that our systems are secure, reliable, resilient, and cost effective.</li><li>Share operational support duties.</li></ul><p><strong>So, what we are looking for?</strong></p><p>We are looking for talented Software Engineers, with a positive attitude, who are keen to develop their skills in an organisation which is focused on technical excellence. Seek Asia will provide the opportunity to grow your career and work on varied projects.  </p><p><strong>Personal Skills</strong></p><ul><li>Positive attitude and a clear sense of initiative.</li><li>Open minded and collaborative, with a growth mindset - flexible, open, and actively seeking opportunities to improve. </li><li>Someone who will actively invest time in technical growth and share this knowledge. You will develop the ability to share new knowledge and to cultivate constructive conversations to improve team capabilities.</li><li>Manage own time well, being able to support fellow engineers and be critical on inefficiencies. ​</li><li>Highly self-motivated team player with good analytical and conceptual thinking, results-driven with a customer focus.</li></ul><p><strong>Technical Skills</strong></p><ul><li>Expert knowledge in JavaScript, Typescript, React, React Native. We will consider candidates with experience in other programming languages.</li><li>Native mobile development is a plus.</li><li>Working knowledge of modern technology stacks such as Node.js, Express, GraphQL, Jest, React Testing Library, Apollo.</li><li>Uses current technical practices such as writing clean, testable code, TDD and pair programming.</li><li>Knowledge in maintaining continuous delivery pipelines using current agile practices, patterns &amp; tooling.</li><li>Built software using secure coding practices and mitigates common vulnerabilities.</li><li>Working knowledge of building solutions deployed on AWS.</li></ul><p><strong>The Team</strong></p><ul><li>Seek Asia Technology provides products and services to candidates in job markets across the Asia region.</li><li>We operate under the 3 brands of JobStreet, JobsDB and SEEK to help over 150 million candidates find employment.</li></ul><p><strong>Additional information</strong></p><p>At SEEK, the health and safety of our people is our highest priority. For this reason, SEEK has a policy requiring all new employees to be fully vaccinated for COVID-19, unless a formal medical exemption applies. On this basis, as part of the application process you will be asked to confirm that you have read and understood this policy, and would like to continue with the hiring process. Further details about this policy will be shared during the hiring process, as required.</p>",https://www.jobstreet.com.my/en/job/software-engineer-apps-hybrid-working-5252525
PHP Developer,2-Feb-23,"<p>Responsibilities:</p><p>* Analyzes user needs and designs software for client use.</p><p>* Develops code and designs software applications based on user specifications.</p><p>* Modifies existing software to correct errors or improve performance.</p><p>* Monitors and assists with software testing and validation procedures and programming.</p><p>*  Working in all phases of Software development</p><p>*  Interact with fellow team members on a regular basis.</p><p>*  Provide technical on/off site Support</p><p>*  Willing to learn and adapt to any technology as required</p><p>Key Requirements:</p><p>* Possess at least 4 Year(s) of working experience in the related field is required for this position.</p><p>* Possess at least a Bachelor's Degree/ Post-Graduate Diploma/Professional Degree, Master's Degree in Computer Science and Engineering or any related field.</p><p>*  Must have working experience in PHP Laravel Framework, and JavaScript.</p><p>*  Working experience in accounting/financial software is advantages</p><p>*  Must have Ability to write queries in MySQL.</p><p>*  Must have knowledge of Data Structure &amp; OOP concepts.</p><p>*  Working knowledge in version control system like Git.</p><p>*  Working knowledge on REST API</p><p>* Must be analytical and a problem-solver.</p>",https://www.jobstreet.com.my/en/job/php-developer-5265085
Full-Stack Developer,25-Jan-23,"<p>We are seeking a highly skilled and motivated Full-Stack Developer to join our team. You will be working remotely and communicate with Singapore team via online. The successful candidate must have a passion for building innovative and user-friendly web applications. Join us on a mission to build S.E.Asia most trusted marketplace to buy and sell used electronic devices.</p><p><strong>Job Scope:</strong></p><ul><li>Develop and manage well-functioning databases and applications</li><li>Write and maintain effective APIs and batch jobs</li><li>Write simple iOS and Android Apps</li><li>Troubleshoot, debug and upgrade software</li><li>Write clean, efficient, and well-documented code</li><li>Ensure data quality and integrity.</li></ul><p><strong>Job Qualifications:</strong></p><ul><li>Bachelor’s degree in Computer Science, Computer Engineering, or a software-related discipline.</li><li>At least 2 years of working experience as a full stack developer.</li><li>Strong organizational and project management skills.</li><li>Proficiency in Javascript, PHP, React Native, Swift, MySQL, Postgres, or any other retinol database will be preferred.</li><li>Experience working on spring boot technology will be preferred.</li><li>Experience working with Laravel and CI frameworks.</li><li>Strong communication and teamwork skills</li><li>A portfolio showcasing your previous work is a plus</li></ul><p>We offer a flexible working hours and remote working environment. If you are a creative problem-solver with a passion for web development, we want to hear from you!</p><p>Apply now to take your career to the next level.</p>",https://www.jobstreet.com.my/en/job/full-stack-developer-10378842/origin/sg
Flutter Developer Engineer,31-Jan-23,"<p><strong><em>Are you driven, results-oriented and a team player?</em></strong></p><p>vimigo Technologies holds a strong track record with technology projects and has successfully built multiple apps and maintained it for 4 years and counting, which is used by over 500 companies. Getting a great product right is tough. It involves thoughtful choices about design, deep knowledge of the market, and making use of the right technologies. </p><p>Here at vimigo Technologies, we are a team of dedicated professionals with experience in bootstrapping a new product from the conception stage to supporting and actively monitoring one with mass adoption.  It is in such a team that you learn the most, perform your best work, improve the fastest, and have the most fun. </p><p>As an Amazon Web Service (AWS) Cloud Technology Partner for the past 4 years who is also consulting, we understand the importance of aligning our philosophy with the client’s objectives. Stringent Quality Assurance Testing (QAT) and User Acceptance Testing (UAT) among other testing practices that we do are essential to our promise of quality delivery.</p><p>Our responsibilities continue beyond just developing a product. Growth and sustainability involve continuous cross-functional efforts — roadmap management, ongoing development, operational support, expert technical consulting, user acquisition, retention optimization, team-building, and more.</p><p><strong><em>If this is a journey you’d like to embark on, keep reading!</em></strong></p><p><strong>About the Job:</strong></p><p>We are looking for experienced talents in the area of web platforms, web architectures, coding standards, databases, AI technology and mobile apps. Multiple vacancies are available including Front-end, Back-end, Mobile (Flutter) or Full-stack.</p><p><strong>In this position you will:</strong></p><ul><li>Be involved in our product development, maintenance, and support of our own products, consisting of web and mobile applications.</li><li>Work closely with external/internal team in the areas of design requirement, sprints, coding, testing and deployments.</li><li>Ensure all the source codes are optimized, written and documented in compliance according to the company’s quality assurance standard.</li><li>Be a part of a vibrant team that works on innovative and exciting projects!</li></ul><p><strong>What you will need:</strong></p><ul><li>Minimum 1 year related working experience. </li><li>Have experience working in freelance projects would be a plus point</li><li>Possess excellent problem-solving and analytical skills.</li><li>Familiar with SME businesses/entrepreneurs will be a bonus to the projects.</li><li>Good understanding of Internet technology, standard and n-tier architecture, and OOP.</li><li>Open-minded to new solutions, forward-thinking and strong ability to adapt.</li><li>Must have a strong passion for programming and research new technologies</li></ul><p><strong>Technologies we use:</strong></p><p>We work with proven technologies &amp; stacks which allow us to bring value to our customers. You may expect to work with some of these technologies.</p><ul><li>Mobile applications: Dart, Flutter.</li><li>Database: PostgreSQL, MariaDB, MongoDB, Redis, MySQL</li><li>Server: Linux, Apache, Nginx</li><li>DevOps: Amazon AWS architecture.</li><li>Good understanding of cloud environment, CI/CD, unit testing and validation is a bonus.</li></ul><p><strong>Company Awards:</strong></p><ul><li>Top 10 finalist of Create Alibaba Cloud Startup Contest 2019</li><li>AWS Cloud Partner</li><li>Featured in major media like Astro, Sinchew, The Star, Chinapress, Top10 CEO</li><li>Trusted by more than 3000 SMEs all over Malaysia and expanding regionally</li></ul><p>==========================================================</p><p><strong>Cool Perks - Best in Class Benefits</strong></p><p>Performance reward, health &amp; holiday incentives, transportation allowance, gadgets allowance and MORE!</p><p><strong>Cool Office Space</strong></p><p>Ergonomic seat and multiple monitors to ensure your workplace comfort, thinking corner with bean bags to encourage creative thinking, lounge areas and cold beverages all at your disposal to do your best work yet.</p><p><strong>Remote Working (Temporary due to COVID-19)</strong></p><p>The working style that allows you to work outside of a traditional office, have the flexibility to design your days, your own workspace and at the same time execute your works and surpass your goals professionally. </p><p><strong>Transport Convenience</strong></p><p>It's always convenient to reach our office, regardless of whether you are driving, taking the bus, MRT or LRT.</p><p><strong>Learning Opportunities</strong></p><p>Growth is part of our culture. We pride ourselves in giving our people the autonomy to excel in their roles and many avenues to develop their skills.</p><p><strong>Catered Foods and Drinks</strong></p><p>Enjoy unlimited supplies of snacks and drinks catered on the regular.</p><p><strong>FUN, FUN &amp; FUN</strong></p><p>Happy Fridays, birthday celebrations, seasonal celebrations, monthly team outings and more to bond as #vimigoteam</p><p><strong>Apply Now!</strong></p><p>Hey, thanks for reaching the end of this job advertisement. It shows that you are really interested in this job, let’s apply now and we are looking forward to meeting you soon!</p><p><strong>For more info:</strong></p><p>Search Facebook/Youtube/ LinkedIn: VIMIGO</p><p>Phillip Choong (CTO &amp; CEO of vimigo Technologies)</p><p>Shane Mun (CEO of vimigo)</p><p><strong>Websites:</strong></p><p>sales.vimigoapp.com</p><p>www.vimigoapp.com</p><p>www.vimigotech.com</p>",https://www.jobstreet.com.my/en/job/flutter-developer-engineer-5262484
Full Stack Developer (Cyberjaya),26-Jan-23,"<p><strong>Title: Full Stack Developer</strong></p><p>My client is in the insurance industry offering life and medical insurance, general insurance. If you are keen on a career in this industry where you can create a real impact, click on the link below to apply now!</p><p><strong>Responsibilities:</strong></p><p>·       Utilizing Microsoft's .NET infrastructure for creating software solutions</p><p>·       Liaising with team members for facilitating the creation of large, complex developments</p><p>·       Conduct UAT testing and post development support</p><p>·       Ensuring code quality that comply to architecture, compliance and security</p><p><strong>The ideal candidate:</strong></p><p>·       Degree in computer science, software engineering, or similar</p><p>·       Have at least 3-4 years of solid experience as a .NET Developer</p><p>·       In-depth knowledge of C# .NET infrastructure</p><p>·       Proficient with architecture styles/APIs (REST, Microservices)</p><p>·       Experience with both Azure IaaS and PaaS</p><p>FRG Technology Consulting is the specialized delivery arm of Frank Recruitment Group – the global niche IT recruitment specialists. We focus on quick delivery to our Key Clients on roles that are traditionally that little bit more difficult to fill. We established an exceptional reputation for delivering the very best professionals to our customers. By focusing solely on the niche IT field, our consultants are genuine experts, meaning they not only fully understand the market, but have built solid relationships with a wide range of vendors, customers and specialists looking to progress their careers.</p><p>We worked hard to build a reputation for delivering only the very best professionals to our customers. Our top-level service has assisted vendor channel partners, global manufacturing businesses and SMEs attract and retaining the right people for their business.</p><p>EA License Number: 21C0475</p><p>EA Personnel Number: R22110132</p>",https://www.jobstreet.com.my/en/job/full-stack-developer-cyberjaya-10379899/origin/sg
Lead – Full Stack Developer,25-Jan-23,"<p>We are a leading IT solution and service provider headquartered in Singapore with offices in Malaysia and Indonesia. Our clients are empowered with quality, cost-effective, and impactful end-to-end application development, like mobile and web applications, and cloud technology that remove technology roadblocks and increase their business efficiency.</p><p>We believe in positively impacting the lives of people around us and the environment we live in through the use of technology. Hence, we are committed to providing a conducive environment for all employees to realise their full potential, who in turn have the opportunity to continuously drive innovation.</p><p>We are searching for our next team members to join our growing team.</p><p>If you love the idea of being part of a growing company with exciting prospects in mobile web technologies that create positive impact on people’s lives, then we would love to hear from you.</p><p><strong>Responsibilities</strong>:</p><p>This is a hands-on role and you must be prepared to get your hands dirty! You will see the development of websites and digital applications from end-to-end, working with prestigious companies and advising on processes and best principles.</p><ul><li>Collaborate with foreign government agencies to develop and deliver high-quality software applications according to requirements.</li><li>Work with cross-functional teams to deliver technical solutions.</li><li>Drive adoption of relevant, up-to-date technologies, practices and tools in Agile software projects.</li><li>Ensure high performance and utility of services.</li><li>Design and build services with a focus on business value and usability, with scalability and flexibility in mind.</li><li>Contribute to technical discussions and solutioning sessions.</li><li>Perform code reviews and evangelize best practices.</li></ul><p><strong>Requirements</strong>:</p><ul><li>At least 10 years of relevant experience.</li><li>Experience in managing or leading a team.</li><li>Strong hand-on experience with C# and ASP.NET MVC.</li><li>Solid hand-on experience in ReactJS and/or NodeJS Technologies.</li><li>Knowledge of Object-Oriented Programming and SQL.</li><li>Experience with Java and/or React Native is a plus.</li><li>Enjoy constant learning and working with new technologies.</li><li>Degree in Computer Science or equivalent.</li><li>Effective communication skills &amp; customer-oriented mindset.</li><li>Ability to work with a multiple team and stakeholders.</li><li>Excellent critical thinking and problem-solving skills.</li><li>Sound knowledge of Microservice, cloud services and CICD is a plus.</li><li>Appointment will commensurate with experience and qualification.</li><li>Applicant must be a Malaysian citizen.</li></ul><p><strong>﻿Benefits</strong></p><p>Fun working culture, medical insurance, flexi benefits, employee wellness program.</p><p>If you love the idea of being part of a growing company with exciting prospects in mobile and web technologies that create positive impact on people’s lives, then we would love to hear from you!</p>",https://www.jobstreet.com.my/en/job/lead-full-stack-developer-5241892
Internship for Software Engineer / Full Stack Developer (Fresh Graduates welcome to apply),1-Feb-23,"<p>We are looking for innovative full stack developer programmers who would like to work in IT Software Solutions Companies - A Software House.</p><p>Job scope include designing, implementation, customization, integration and deployment of software solution in the form of thin-client, web base application (monolith/micro-services).</p><p><strong>Responsibilities:</strong></p><ul><li>Write efficient and reusable codes</li><li>Develop programs either .NET, PHP, Java, Python and etc</li><li>Prepare test cases &amp; scenarios, end-user documentation, and manuals</li><li>Troubleshoot, test, and maintain applications and databases</li></ul><p><strong>Requirement:</strong></p><ul><li>Diploma or Degree holders in Computer Science, or related field</li><li>Entry Level: Fresh graduates OR No working experience</li><li>Looking for build your career path in software development role</li><li>Independent – ability to solve problems and pick up new skills</li><li>Ability to work in a team and collaboration with people (not only computer)</li><li>Good spoken and written BI/BM (at least one)</li></ul>",https://www.jobstreet.com.my/en/job/internship-for-software-engineer-full-stack-developer-fresh-graduates-welcome-to-apply-5262791
Lead Backend Developer,28-Jan-23,"<p><strong>PHP/Laravel Lead</strong></p><p><strong>About Your Role</strong></p><p>We are looking for a Lead Backend Developer to take on a key role in our company and vision going forward. The position is not only about software development but also about figuring things out and solving problems. You should be comfortable wearing multiple hats as we'd like to have a true team member rather than a sole developer.</p><p><strong>Requirements</strong></p><ul><li>Must have at least 4 years of experience as a backend developer or in a similar role</li><li>Demonstrate good leadership skills and has at least 1 year’s experience leading a backend development team</li><li>Must be familiar with platforms such as Meilisearch, SonarQube, PHP(Laravel), RDBMS (MySQL), and version control software tool (e.g. Git on Bitbucket) </li><li>Familiar with and keeping up with the latest development trends</li><li>Critical thinker that anticipates challenges with the application or system</li><li>Independent and organised</li><li>Strong project management skills, and a track record of delivering projects on time</li><li>Passionate about coding and possesses strong solutioning skills</li><li>Attention to detail, and writes code that is both clean, and a delight to read and maintain</li><li>Strong software architecture skills, with a proven record of designing scaleable and maintainable backend(s) </li><li>Experience in test driven development methods and best practices</li><li>Experience with AWS a big plus</li><li>Experience in CI/CD, bonus if CI/CD via Bitbucket Pipelines</li><li>Good communication and proficiency in written and spoken English</li></ul><p>Join our family from a variety of backgrounds. Submit your applications by clicking the Apply Now button below.</p>",https://www.jobstreet.com.my/en/job/lead-backend-developer-5245664
Backend Developer (NodeJS),26-Jan-23,"<p>Job Responsibilities</p><ul><li>Develop high performance and highly scalable backend applications using NodeJS.</li><li>Actively participate in all aspects of the software development process.</li><li>Design and implementation of low-latency, high-availability, performance applications, security and data protection.</li><li>Ensure timely completion of tasks assigned.</li><li>Produces high quality, well tested and well structured codes with compliance to coding standards.</li></ul><p>Job Requirements</p><ul><li>Possess a Bachelor Degree / Diploma / Professional Certificate in Information Technology, Computer Science, Software Engineering or any related field.</li><li>2-5 years of proven working experience as a NodeJS / Backend Developer (preferably full-stack).</li><li>Strong knowledge and experience in creating backend services / API.</li><li>In-depth knowledge and experience on relational databases such as MySQL, MariaDB with strong knowledge in database performance optimization.</li><li>Ability to write efficient, clean, readable and well tested code.</li><li>Experience with integration to external platforms via various protocols.</li><li>Experience with code versioning tools such as Git and SVN.</li><li>Experience with cloud hosting such as AWS, Huawei Cloud, etc. Able to manage cloud instances and services.</li><li>Able to switch and adapt to different tech stack if required.</li></ul>",https://www.jobstreet.com.my/en/job/backend-developer-nodejs-5243286
Full Stack Developer (MERN),31-Jan-23,"<p>If you know what MERN means just by looking at it, then you are one step closer to what we are looking for. A full stack web development opportunity with INMAGINE will empower you to design, develop, test, deploy, maintain &amp; improve software and processes for our websites. Besides that, you’ll get to collaborate with the product team to brainstorm ideas and drive business decisions.</p><p><strong>The Job</strong>:</p><ul><li>Design, develop, test, deploy, maintain &amp; improve software and processes for the websites.</li><li>Collaborate with the Product teams and Project Owners on the various implementation, design and launch of new features for the website/system.</li><li>Plan and design overall architecture of the web application, which include but not limited to software system (software), system architecture design (hardware) as well as physical and logical database design (database).</li><li>Maintain the quality of the website/system, and ensure responsiveness of applications.</li><li>Actively seek opportunities to improve technical processes, by participating in code review &amp; technical discussions with the teams and product owners.</li><li>Inspect and identify refactoring of code, as well as deferring technical debt when/where applicable.</li><li>Design for a deployment to cloud infrastructure.</li><li>Fix bugs if necessary to improve the usability of the website.</li></ul><p><strong>The Person:</strong></p><ul><li>Possesses at least a Bachelor Degree in Information Technology/Computer Science/Computer Studies or equivalent.</li><li>At least 5-6 years of experience in both front-end and back-end development.</li><li>Proficient understanding in both front-end and back-end development, as well as in:</li></ul><ol><li style=""margin-left:30px"">MERN stack (MongoDB, Express, React.js, Node.js)</li><li style=""margin-left:30px"">MySQL</li><li style=""margin-left:30px"">Javascript Framework (e.g. Nestjs, Nextjs)</li></ol><ul><li>Timely delivery of good quality, maintainable, and scalable excellent code (NodeJS, TypeScript).</li><li>Good knowledge of writing unit, functional tests.</li><li>Ability to work collaboratively in a team environment.</li><li>Strong organizational skills to prepare a plan for producing software or websites.</li><li>Solid analytical skills to identify the source of any issues with products.</li><li>Added-advantage skills: prior experience with PHP, Solidity and other Web3 related technologies.</li></ul>",https://www.jobstreet.com.my/en/job/full-stack-developer-mern-5261661
Full Stack Developer,24-Jan-23,"<p><strong>3 Best things about the role:</strong></p><ul><li>Your brilliant idea will stand a chance to turn into reality and become a pioneer event software which is first in Malaysia!</li><li>You are not alone! Sitting next to you are UI / UX designers, web developers, AI Data engineer, idea creator &amp; many more top talents in Malaysia.</li><li>Quarterly Incentive up for grabs if you create results ! How much ? You name it !</li></ul><p><strong>Do you love what you do?</strong></p><ul><li>Led the technical development &amp; enhancement of our internal event software</li><li>Ensure websites are responsive and working across different platforms such as laptops, smartphones &amp; iPad.</li><li>Work diligently with other web developers, operation, and creative teams in developing web applications.</li></ul><p><strong>What you’ll need to be a Dreamorian?</strong></p><ul><li>Minimum of<strong> 3 years working experience</strong> as Full Stack Web Developer</li><li>Proficient in <strong>Node.js, MongoDB, React.js &amp; Tailwind CSS Framework</strong></li><li>Bachelor's Degree in Information Systems, Software Engineering, Computer Science, or equivalent</li><li>Proficient in mobile responsive design</li><li>Experience in using cloud server hosting platforms (e.g. AWS, Alibaba Cloud, Azure etc), server setup &amp; maintenance</li><li>Having experience in mobile app development using Flutter will be a bonus</li><li>Strong debugging and problem-solving skills</li></ul>",https://www.jobstreet.com.my/en/job/full-stack-developer-5239525
Fullstack Engineer (Java + Javascript),31-Jan-23,"<p>We are a well-established organization with our systems powering over 700 schools worldwide! In line with our business growth, we are looking for a passionate and energetic Fullstack Engineer (Java + Javascript) to join our big family. You will be a key member of our core engineering team, working together on our full range of technology.</p><p><strong>You are important to us in delivering the following</strong></p><p>1.     Architecture design</p><p>You will be working on a multi-tenant architecture, designed on AWS with real-time replication using a composite of cloud tools/technologies.</p><p>2.     API design and development</p><p>QuickSchools integration platform is robust and elegantly designed. Earn your stripes as an API guru here. </p><p>3.     Feature design</p><p>Work with a tonne of clever features. Seriously, it’s endless. :-)</p><p>4.     Team development</p><p>We take great care in developing each member of the team based on software development best practices. </p><p><strong>What do we need from you?</strong></p><ul><li>Possess a Diploma, Advanced / Higher/ Graduate Diploma / or Bachelor’s degree in Computer Engineering / Computer Science or equivalent.</li><li>At least a minimum of 7 years of relevant experience in similar roles.</li><li>Solid hands-on experience in Javascript / HTML5 &amp; JQuery</li><li>Knowledge in using PostgreSql, EJB &amp; Cloud / DevOps is an added advantage</li></ul><p><strong>What’s in it for you if you join us:</strong></p><ul><li>You get to be a part of a PRODUCT company. Your work impacts 1000s every day across 5 continents in the world!</li><li>Worried about work-life balance? We practice working from home (remote)</li><li>We value your hard work and your dedication to the company. A performance bonus will be provided on annual basis.</li><li>Medical – outpatient covered</li><li>Worried about the increasing cost of living expenses? There is a fixed allowance of RM300!</li><li>We support all your working needs - You will be provided with your laptop</li><li>We invest a lot in training and people development. If you join us, we will provide comprehensive training to equip you with the right skills and knowledge so that you can succeed.</li><li>Enjoy our annual dinner!</li></ul><p>If you’ve always wanted to be in a <strong><em>PRODUCT</em></strong> company delighting users all over the world every day, this is the place!</p><p>Are you ready to take your career to the next level? Hit that <strong>“Apply Now” </strong>button and hope to be in touch with you soon!</p>",https://www.jobstreet.com.my/en/job/fullstack-engineer-java-javascript-5247632
